timestamp,action,status,details
2026-06-20T14:49:19Z,READ_STATE,OK,Read current-state.md (2987 bytes)
2026-06-20T14:49:19Z,LEAD_CHECK,ERROR,pandas not installed. Run: pip install pandas
2026-06-20T14:49:19Z,INSTANTLY_SYNC,OK,[SIMULATED] Instantly.ai sync — would push enriched leads to active campaign. Set INSTANTLY_SIMULATE=false and INSTANTLY_CLI_PATH to enable live sync.
2026-06-20T14:52:41Z,READ_STATE,OK,Read current-state.md (3272 bytes)
2026-06-20T14:52:53Z,LEAD_CHECK,WARN,No 'Qualification_Score' column found in CSV.
2026-06-20T14:52:53Z,INSTANTLY_SYNC,OK,[SIMULATED] Instantly.ai sync — would push enriched leads to active campaign. Set INSTANTLY_SIMULATE=false and INSTANTLY_CLI_PATH to enable live sync.
2026-06-20T14:56:04Z,READ_STATE,OK,Read current-state.md (3558 bytes)
2026-06-20T14:56:06Z,LEAD_CHECK,WARN,No 'Qualification_Score' column found in CSV. Initializing to 'MEDIUM'.
2026-06-20T14:56:06Z,LEAD_CHECK,OK,Total=41 | HIGH=0 | MEDIUM=41 | LOW=0
2026-06-20T14:56:06Z,ENRICHMENT_AUDIT,WARN,No Apollo/LinkedIn enrichment columns found in CSV. All leads need enrichment.
2026-06-20T14:56:06Z,ENRICHMENT_AUDIT,WARN,"41 leads need enrichment: United Surgical Partners International, Inc, Mile Bluff Medical Center, Northside Hospital, The Cardiac & Vascular Institute, Atrium, Healthrise, ACC Senior Services, ARMADA, Ltd., Heartbeat Health, MicroSourcing... (+31 more)"
2026-06-20T14:56:06Z,LEAD_GEN_TRIGGER,OK,HIGH leads (0) < threshold (50). Launching lead_gen.py...
2026-06-20T15:01:06Z,LEAD_GEN_RUN,ERROR,lead_gen.py timed out after 300s.
2026-06-20T15:01:06Z,INSTANTLY_SYNC,OK,[SIMULATED] Instantly.ai sync — would push enriched leads to active campaign. Set INSTANTLY_SIMULATE=false and INSTANTLY_CLI_PATH to enable live sync.
2026-06-20T15:02:00Z,READ_STATE,OK,Read current-state.md (3845 bytes)
2026-06-20T15:02:01Z,LEAD_CHECK,WARN,No 'Qualification_Score' column found in CSV. Initializing to 'MEDIUM'.
2026-06-20T15:02:01Z,LEAD_CHECK,OK,Total=41 | HIGH=0 | MEDIUM=41 | LOW=0
2026-06-20T15:02:01Z,ENRICHMENT_AUDIT,WARN,No Apollo/LinkedIn enrichment columns found in CSV. All leads need enrichment.
2026-06-20T15:02:01Z,ENRICHMENT_AUDIT,WARN,"41 leads need enrichment: United Surgical Partners International, Inc, Mile Bluff Medical Center, Northside Hospital, The Cardiac & Vascular Institute, Atrium, Healthrise, ACC Senior Services, ARMADA, Ltd., Heartbeat Health, MicroSourcing... (+31 more)"
2026-06-20T15:02:01Z,LEAD_GEN_TRIGGER,OK,HIGH leads (0) < threshold (50). Launching lead_gen.py...
2026-06-20T15:05:50Z,LEAD_GEN_RUN,OK,lead_gen.py completed successfully.
2026-06-20T15:05:50Z,INSTANTLY_SYNC,OK,[SIMULATED] Instantly.ai sync — would push enriched leads to active campaign. Set INSTANTLY_SIMULATE=false and INSTANTLY_CLI_PATH to enable live sync.
2026-06-20T15:09:41Z,READ_STATE,OK,Read current-state.md (4132 bytes)
2026-06-20T15:09:44Z,LEAD_CHECK,OK,Total=58 | HIGH=5 | MEDIUM=51 | LOW=2
2026-06-20T15:09:44Z,ENRICHMENT_AUDIT,WARN,No Apollo/LinkedIn enrichment columns found in CSV. All leads need enrichment.
2026-06-20T15:09:44Z,ENRICHMENT_AUDIT,WARN,"58 leads need enrichment: Blue Cross Blue Shield of Arizona, University of Colorado Medicine, EvergreenHealth, UChicago Medicine, UT Southwestern Medical Center, Sanitas Medical Centers, Piedmont Health Services, USA Health, ECU Health, Ob Hospitalist Group... (+48 more)"
2026-06-20T15:09:44Z,LEAD_GEN_TRIGGER,OK,HIGH leads (5) < threshold (50). Launching lead_gen.py...
2026-06-20T15:13:02Z,LEAD_GEN_RUN,OK,lead_gen.py completed successfully.
2026-06-20T15:13:02Z,LEAD_CHECK_POST,OK,Post-run Stats: Total=62 | HIGH=6 | MEDIUM=50 | LOW=6
2026-06-20T15:13:02Z,ENRICHMENT_AUDIT,WARN,No Apollo/LinkedIn enrichment columns found in CSV. All leads need enrichment.
2026-06-20T15:13:02Z,ENRICHMENT_AUDIT,WARN,"62 leads need enrichment: United Surgical Partners International, Mile Bluff Medical Center, Northside Hospital, The Cardiac & Vascular Institute, Atrium, Omada Health, Delphi-US - Peacemakers in the Talent War, Amazon, Cedars-Sinai, Moda Health... (+52 more)"
2026-06-20T15:13:02Z,INSTANTLY_SYNC,OK,[SIMULATED] Instantly.ai sync — would push enriched leads to active campaign. Set INSTANTLY_SIMULATE=false and INSTANTLY_CLI_PATH to enable live sync.
2026-06-20T23:10:51.940803,2026-06-22,1,mon,INSIGHT,DRAFT_CREATED,D:\ShivamGem\SynaSystems\agency-brain\linkedin\drafts\2026-06-22.md,
2026-06-22T22:43:17.011348,2026-06-22,1,mon,INSIGHT,DRAFT_CREATED,D:\ShivamGem\SynaSystems\agency-brain\linkedin\drafts\2026-06-22.md,
2026-06-22T17:36:15Z,READ_STATE,OK,Read current-state.md (6164 bytes)
2026-06-22T17:36:17Z,LEAD_CHECK,OK,Total=64 | HIGH=6 | MEDIUM=52 | LOW=6
2026-06-22T17:36:17Z,ENRICHMENT_AUDIT,OK,0/64 leads missing Apollo/LinkedIn enrichment.
2026-06-22T17:36:17Z,LEAD_GEN_TRIGGER,OK,HIGH leads (6) < threshold (50). Launching lead_gen.py...
2026-06-22T17:40:41Z,LEAD_GEN_RUN,OK,lead_gen.py completed successfully.
2026-06-22T17:40:41Z,LEAD_CHECK_POST,OK,Post-run Stats: Total=64 | HIGH=6 | MEDIUM=52 | LOW=6
2026-06-22T17:40:41Z,ENRICHMENT_AUDIT,WARN,23/64 leads missing Apollo/LinkedIn enrichment.
2026-06-22T17:40:41Z,ENRICHMENT_AUDIT,WARN,"Needs enrichment: Mile Bluff Medical Center, United Surgical Partners International, Northside Hospital, The Cardiac & Vascular Institute, Atrium, Gear, Omada Health, Amazon, Cedars-Sinai, Delphi-US - Peacemakers in the Talent War... (+13 more)"
2026-06-22T17:40:41Z,INSTANTLY_SYNC,OK,[SIMULATED] Instantly.ai sync — would push enriched leads to active campaign. Set INSTANTLY_SIMULATE=false and INSTANTLY_CLI_PATH to enable live sync.
2026-06-22T17:51:09Z,READ_STATE,OK,Read current-state.md (6451 bytes)
2026-06-22T17:51:10Z,LEAD_CHECK,OK,Total=64 | HIGH=6 | MEDIUM=52 | LOW=6
2026-06-22T17:51:10Z,ENRICHMENT_AUDIT,OK,0/64 leads missing Apollo/LinkedIn enrichment.
2026-06-22T17:51:10Z,LEAD_GEN_TRIGGER,OK,HIGH leads (6) < threshold (50). Launching lead_gen.py...
2026-06-22T17:56:10Z,LEAD_GEN_RUN,ERROR,lead_gen.py timed out after 300s.
2026-06-22T17:56:10Z,LEAD_CHECK_POST,OK,Post-run Stats: Total=64 | HIGH=6 | MEDIUM=52 | LOW=6
2026-06-22T17:56:10Z,ENRICHMENT_AUDIT,OK,0/64 leads missing Apollo/LinkedIn enrichment.
2026-06-22T17:56:10Z,INSTANTLY_SYNC,OK,[SIMULATED] Instantly.ai sync — would push enriched leads to active campaign. Set INSTANTLY_SIMULATE=false and INSTANTLY_CLI_PATH to enable live sync.
2026-06-28T10:22:01.043Z,prospect-agent,error,Dossier generation failed for Mile Bluff Medical Center: 404 This model is unavailable for free. The paid version is available now - use this slug instead: google/gemma-3-27b-it,ERROR,
2026-06-28T10:22:01.046Z,audit-gen-agent,audit_gen,Skipped Mile Bluff Medical Center — no dossier,SKIPPED,
2026-06-28T10:22:01.048Z,outreach-personalizer-agent,outreach_gen,Skipped Mile Bluff Medical Center — no dossier,SKIPPED,
2026-06-28T10:22:01.049Z,pipeline-agent,pipeline_run,"Pipeline complete: 1 leads → 0 dossiers, 0 audits, 0 outreach, CSV: skipped",DONE,
2026-06-28T10:25:28.612Z,prospect-agent,error,Dossier generation failed for Mile Bluff Medical Center: 429 Provider returned error,ERROR,
2026-06-28T10:25:28.613Z,audit-gen-agent,audit_gen,Skipped Mile Bluff Medical Center — no dossier,SKIPPED,
2026-06-28T10:25:28.615Z,outreach-personalizer-agent,outreach_gen,Skipped Mile Bluff Medical Center — no dossier,SKIPPED,
2026-06-28T10:25:28.616Z,pipeline-agent,pipeline_run,"Pipeline complete: 1 leads → 0 dossiers, 0 audits, 0 outreach, CSV: skipped",DONE,
2026-06-28T10:29:54.997Z,prospect-agent,error,Dossier generation failed for Mile Bluff Medical Center: 429 Provider returned error,ERROR,
2026-06-28T10:29:54.999Z,audit-gen-agent,audit_gen,Skipped Mile Bluff Medical Center — no dossier,SKIPPED,
2026-06-28T10:29:55.000Z,outreach-personalizer-agent,outreach_gen,Skipped Mile Bluff Medical Center — no dossier,SKIPPED,
2026-06-28T10:29:55.001Z,pipeline-agent,pipeline_run,"Pipeline complete: 1 leads → 0 dossiers, 0 audits, 0 outreach, CSV: skipped",DONE,
2026-06-28T10:38:49.583Z,prospect-agent,file_edit,Dossier generated for Mile Bluff Medical Center (MEDIUM),DONE,D:/ShivamGem/SynaSystems/agency-brain/dossiers/mile-bluff-medical-center.md
2026-06-28T10:39:40.654Z,audit-gen-agent,audit_gen,Generated audit for Mile Bluff Medical Center (5052 chars),DONE,D:/ShivamGem/SynaSystems/agency-brain/audits/mile-bluff-medical-center.md
2026-06-28T10:40:14.196Z,outreach-personalizer-agent,outreach_gen,Generated 3-email sequence for Mile Bluff Medical Center,DONE,D:/ShivamGem/SynaSystems/agency-brain/outreach/mile-bluff-medical-center.md
2026-06-28T10:40:14.198Z,pipeline-agent,pipeline_run,"Pipeline complete: 1 leads → 1 dossiers, 1 audits, 1 outreach, CSV: exported",DONE,
2026-06-28T10:44:08.026Z,prospect-agent,file_edit,Dossier generated for Mile Bluff Medical Center (MEDIUM),DONE,D:/ShivamGem/SynaSystems/agency-brain/dossiers/mile-bluff-medical-center.md
2026-06-28T10:44:41.187Z,audit-gen-agent,audit_gen,Generated audit for Mile Bluff Medical Center (3732 chars),DONE,D:/ShivamGem/SynaSystems/agency-brain/audits/mile-bluff-medical-center.md
2026-06-28T10:44:56.834Z,outreach-personalizer-agent,outreach_gen,Generated 3-email sequence for Mile Bluff Medical Center,DONE,D:/ShivamGem/SynaSystems/agency-brain/outreach/mile-bluff-medical-center.md
2026-06-28T10:44:56.837Z,pipeline-agent,pipeline_run,"Pipeline complete: 1 leads → 1 dossiers, 1 audits, 1 outreach, CSV: exported",DONE,
2026-06-28T19:28:38Z,antigravity-agent,file_edit,Rebuilt Agency Operating System to v2.0 hierarchy with 30-40 root documents,DONE,D:/ShivamGem/SynaSystems/agency-brain/README.md
2026-06-28T19:39:04Z,antigravity-agent,file_edit,Expanded AOS v2.0 files with user-requested high-fidelity details,DONE,D:/ShivamGem/SynaSystems/agency-brain/06_website/WEBSITE_SPEC.md
2026-06-29T10:03:35Z,antigravity-agent,outreach_sync,Deployed website changes to GitHub remote repository main branch,DONE,D:/ShivamGem/SynaSystems/agency-brain/operations/watchdog_log.csv
